<?xml version="1.0" encoding="UTF-8" standalone="yes"?>
<manifest>
  <control namespace="DynamicTouch" constructor="OnedriveViewer" version="0.0.1" display-name-key="OnedriveViewer" description-key="OnedriveViewer description" control-type="standard" api-version="1.2.3">
    <property name="FileId" display-name-key="Onedrive Item Id" description-key="FileId" of-type="SingleLine.Text" usage="bound" required="true"/>
    <property name="FrameHeight" display-name-key="Preview Frame Height" description-key="FrameHeight" of-type="SingleLine.Text" usage="input" required="true" default-value="800px"/>
    <property name="EnableSelect" display-name-key="Show Select Button" description-key="EnableSelect" of-type="Whole.None" usage="input" required="true" default-value="1"/>
    <property name="ClientId" display-name-key="Azure AD ClientId" description-key="ClientId" of-type="SingleLine.Text" usage="input" required="true" default-value="008e19sasaa8-5475-4092-a9db-cf0fa8242227"/>
    <property name="Authority" display-name-key="Azure AD Authority" description-key="Authority" of-type="SingleLine.Text" usage="input" required="true" default-value="https://login.windows.net/20cd6ab1-34bb-4c1f-a770-eda09b4e18a8"/>
    <property name="RedirectUri" display-name-key="Azure AD RedirectUri" description-key="RedirectUri" of-type="SingleLine.Text" usage="input" required="false" default-value="http://localhost:8181"/>
    <property name="Endpoint" display-name-key="Graph Endpoint" description-key="Endpoint" of-type="SingleLine.Text" usage="input" required="false" default-value="https://graph.microsoft.com/v1.0/"/>
    <property name="Path" display-name-key="Graph Path" description-key="Endpoint" of-type="SingleLine.Text" usage="input" required="false" default-value="groups/b6c07bf2-03sasa1a-4ffb-b29e-6c9f7ee128f2"/>
    <resources>
      <code path="bundle.js" order="1"/>
    </resources>
    <built-by name="pac" version="1.3.1"/>
  </control>
</manifest>